INSERT IGNORE INTO  tb_stu(stu_id, stu_name, stu_sex, stu_phone, stu_class_name, stu_grade, stu_status)
VALUES (41900111, '张敏', 0, '13689200123', '2019级计科01班', 2019, 1),
(41900112, '王小龙', 1, '18565342567', '2019级计科01班', 2019, 1),
(41900104, '王晓峰', 1, '18584567986', '2019级计科02班', 2019, 0),
(41900105, '张佳丽', 0, NULL, '2019级会计01班', 2019, 0),
(42000121, '李思敏', 0, NULL, '2020级计科02班', 2020, 1),
(42000112, '陈雪梅', 0, '18081089706', '2020级计科02班', 2020, 0),
(42000113, '王雪', 1, NULL, '2020级会计01班', 2020, 1);
INSERT IGNORE INTO tb_user (user_id, username, password, mobile, status, create_time)
VALUES (112, '周兵', 'M123456', '13458626990', 1, '2020/1/15'),
       (102, '赵明', 'M654321', 'NULL', 1, '2019/9/15'),
       (101, '赵萌', 'M121233', 'NULL', 0, '2018/1/15');
INSERT IGNORE INTO tb_dev (dev_id, dev_name, dev_status_code, user_id)
VALUES ('sg001', '身高', 1, 102),
       ('tz001', '体重', 1, 112),
       ('fhl001', '肺活量', 1, 102),
       ('tqq001', '坐位体前屈', 1, 112),
       ('ytxs001', '引体向上', 1, 112),
       ('ywqz001', '仰卧起坐', 1, 102),
       ('cp001', '长跑', 1, 112),
       ('dp001', '短跑', 1, 102);
INSERT IGNORE INTO tb_grade (stu_id, dev_id, score, test_time)
VALUES (41900111, 'sg001', 87, '2020/6/15'),
       (41900111, 'dp001', 90.5, '2020/6/15'),
       (41900111, 'cp001', 72, '2020/6/15'),
       (41900112, 'tz001', 86, '2020/6/15'),
       (41900112, 'sg001', 75, '2020/6/16'),
       (41900112, 'dp001', NULL, '2020/6/16'),
       (41901112, 'fhl001', 65.5, '2020/6/16'),
       (42000121, 'tz001', 80, '2020/9/22'),
       (42000121, 'sg001', 80, '2020/9/22'),
       (42000121, 'tqq001', 70, '2020/9/22'),
       (42000121, 'fhl001', 58, '2020/9/23'),
       (42000113, 'tz001', 85, '2020/9/22'),
       (42000113, 'ytxs001', 85.5, '2020/9/22'),
       (42000113, 'tqq001', 67, '2020/9/22'),
       (42000113, 'fhl001', 90, '2020/9/23'),
       (42000113, 'cp001', NULL, NULL);